imdb_id,original_title
tt1517268,Barbie
tt6751668,기생충
tt0816692,Interstellar
tt0137523,Fight Club
tt3783958,La La Land
tt6710474,Everything Everywhere All at Once
tt2582802,Whiplash
tt15398776,Oppenheimer
tt0110912,Pulp Fiction
tt0120382,The Truman Show
tt17526714,The Substance
tt7286456,Joker
tt0338013,Eternal Sunshine of the Spotless Mind
tt1160419,Dune
tt5052448,Get Out
tt4633694,Spider-Man: Into the Spider-Verse
tt8772262,Midsommar
tt1877830,The Batman
tt0468569,The Dark Knight
tt1375666,Inception
tt31193180,Sinners
tt0144084,American Psycho
tt8946378,Knives Out
tt15239678,Dune: Part Two
tt9362722,Spider-Man: Across the Spider-Verse
tt0097165,Dead Poets Society
tt0147800,10 Things I Hate About You
tt0245429,千と千尋の神隠し
tt0993846,The Wolf of Wall Street
tt17351924,Saltburn
tt16426418,Challengers
tt5040012,Nosferatu
tt2278388,The Grand Budapest Hotel
tt4925292,Lady Bird
tt0114369,Se7en
tt0947798,Black Swan
tt14230458,Poor Things
tt0109830,Forrest Gump
tt0361748,Inglourious Basterds
tt9764362,The Menu
tt0081505,The Shining
tt5950044,Superman
tt2267998,Gone Girl
tt28607951,Anora
tt3281548,Little Women
tt10872600,Spider-Man: No Way Home
tt5726616,Call Me by Your Name
tt0102926,The Silence of the Lambs
tt0266697,Kill Bill: Vol. 1
tt1022603,(500) Days of Summer
tt0119217,Good Will Hunting
tt1130884,Shutter Island
tt0068646,The Godfather
tt1262426,Wicked
tt0382932,Ratatouille
tt0432283,Fantastic Mr. Fox
tt1659337,The Perks of Being a Wallflower
tt1853728,Django Unchained
tt4154756,Avengers: Infinity War
tt4154796,Avengers: Endgame
tt3890160,Baby Driver
tt6263850,Deadpool & Wolverine
tt7784604,Hereditary
tt0133093,The Matrix
tt0075314,Taxi Driver
tt0111161,The Shawshank Redemption
tt22022452,Inside Out 2
tt1285016,The Social Network
tt1798709,Her
tt0446029,Scott Pilgrim vs. the World
tt0120737,The Lord of the Rings: The Fellowship of the Ring
tt12299608,Mickey 17
tt0377092,Mean Girls
tt0246578,Donnie Darko
tt2096673,Inside Out
tt0120338,Titanic
tt0449059,Little Miss Sunshine
tt11564570,Glass Onion
tt0327597,Coraline
tt20215234,Conclave
tt2543164,Arrival
tt1392170,The Hunger Games
tt13238346,Past Lives
tt2015381,Guardians of the Galaxy
tt18925334,Pearl
tt2380307,Coco
tt0304141,Harry Potter and the Prisoner of Azkaban
tt0458352,The Devil Wears Prada
tt1856101,Blade Runner 2049
tt0347149,ハウルの動く城
tt10954984,Nope
tt2584384,Jojo Rabbit
tt19770238,Aftersun
tt0241527,Harry Potter and the Philosopher’s Stone
tt1049413,Up
tt0099685,GoodFellas
tt0076759,Star Wars
tt1825683,Black Panther
tt0088763,Back to the Future
tt1431045,Deadpool
tt0414387,Pride & Prejudice
tt6857112,Us
tt0332280,The Notebook
tt0910970,WALL·E
tt0477348,No Country for Old Men
tt1392214,Prisoners
tt23468450,Longlegs
tt1392190,Mad Max: Fury Road
tt0780504,Drive
tt0126029,Shrek
tt2250912,Spider-Man: Homecoming
tt2948372,Soul
tt1745960,Top Gun: Maverick
tt0117571,Scream
tt6791350,Guardians of the Galaxy Vol. 3
tt0209144,Memento
tt11286314,Don’t Look Up
tt17009710,Anatomie d'une chute
tt12593682,Bullet Train
tt7984734,The Lighthouse
tt1630029,Avatar: The Way of Water
tt0499549,Avatar
tt0180093,Requiem for a Dream
tt0848228,The Avengers
tt0078748,Alien
tt13560574,X
tt0088847,The Breakfast Club
tt0062622,2001: A Space Odyssey
tt0264464,Catch Me If You Can
tt0099785,Home Alone
tt1396484,It
tt14849194,The Holdovers
tt26581740,Weapons
tt0096283,となりのトトロ
tt0107290,Jurassic Park
tt0145487,Spider-Man
tt0829482,Superbad
tt0172495,Gladiator
tt0795421,Mamma Mia!
tt0080684,The Empire Strikes Back
tt0121766,Star Wars: Episode III – Revenge of the Sith
tt0167260,The Lord of the Rings: The Return of the King
tt0388795,Brokeback Mountain
tt20969586,Thunderbolts*
tt0112471,Before Sunrise
tt6320628,Spider-Man: Far From Home
tt10676052,The Fantastic Four: First Steps
tt26047818,Anyone But You
tt17527468,Bottoms
tt14331144,劇場版 呪術廻戦 0
tt18816518,Syk pike
tt4555426,Darkest Hour
tt0120591,Armageddon
tt8466564,Obi-Wan Kenobi
tt0106519,Carlito’s Way
tt8151874,Honey Boy
tt0129387,There’s Something About Mary
tt6738136,Revenge
tt0257106,Scary Movie 2
tt31193791,The Last Showgirl
tt0119081,Event Horizon
tt0061395,Belle de Jour
tt8695030,The Dead Don’t Die
tt0433035,Real Steel
tt1127180,Drag Me to Hell
tt0061418,Bonnie and Clyde
tt2180411,Into the Woods
tt24216998,Vampire humaniste cherche suicidaire consentant
tt4731136,A Cure for Wellness
tt0101765,La Double Vie de Véronique
tt0087277,Footloose
tt1853739,You’re Next
tt0166896,The Straight Story
tt0899043,The Amateur
tt0069089,Pink Flamingos
tt0060176,Blow-Up
tt2226417,Insidious: Chapter 2
tt13405778,Insidious: The Red Door
tt0075005,The Omen
tt0259446,My Big Fat Greek Wedding
tt1666801,The DUFF
tt0032553,The Great Dictator
tt0142342,Big Daddy
tt1000774,Sex and the City
tt0123755,Cube
tt0293429,Mortal Kombat
tt0044081,A Streetcar Named Desire
tt11466222,Jackass Forever
tt4919268,Bad Boys: Ride or Die
tt0099864,It
tt0265208,The Girl Next Door
tt0816556,Lake Mungo
tt21830902,Upgraded
tt0408664,誰も知らない
tt0265086,Black Hawk Down
tt0094012,Spaceballs
tt1092026,Paul
tt0415306,Talladega Nights: The Ballad of Ricky Bobby
tt1682180,Stoker
tt4332232,Fractured
tt3513498,The Lego Movie 2: The Second Part
tt1067774,Monte Carlo
tt2401878,Anomalisa
tt5439812,Zola
tt18968540,咒
tt0472043,Apocalypto
tt0044079,Strangers on a Train
tt0105793,Wayne’s World
tt0113409,In the Mouth of Madness
tt0304415,Mona Lisa Smile
tt0114388,Sense and Sensibility
tt0070608,Robin Hood
tt4216984,Wolf Man
tt7401588,Instant Family
tt0406375,Zathura: A Space Adventure
tt4353250,The Last Black Man in San Francisco
tt1114677,Hannah Montana: The Movie
tt0064115,Butch Cassidy and the Sundance Kid
tt11127680,Boiling Point
tt0870154,Jungle Cruise
tt32063050,Bridget Jones: Mad About the Boy
tt8291806,Dolor y gloria
tt1403981,Remember Me
tt0372183,The Bourne Supremacy
tt2937696,Everybody Wants Some!!
tt0429591,Aquamarine
tt2262227,The Book of Life
tt0093342,خانه‌ی دوست کجاست؟
tt13648224,We’re All Going to the World’s Fair
tt1408101,Star Trek Into Darkness
tt1650554,Kick-Ass 2
tt4682266,The New Mutants
tt0088323,Die unendliche Geschichte
tt12758060,Tetris
tt0120804,Resident Evil
tt0102587,おもひでぽろぽろ
tt0892318,Letters to Juliet
tt0108037,The Sandlot
tt0093512,Maurice
tt0056119,La Jetée
tt0478311,Knocked Up
tt0084602,Rocky III
tt0095497,The Last Temptation of Christ
tt1334260,Never Let Me Go
tt4614584,Purple Hearts
tt1126591,Burlesque
tt0076740,Sorcerer
tt1660648,Ricky Stanicky
tt0263488,Jeepers Creepers
tt28912758,The Swan
tt15255288,Murder Mystery 2
tt1055366,Camp Rock
tt0089885,Re-Animator
tt0317198,Bridget Jones: The Edge of Reason
tt3713166,Unfriended
tt1667889,Ice Age: Continental Drift
tt0185906,Band of Brothers
tt0373469,Kiss Kiss Bang Bang
tt0455967,John Tucker Must Die
tt0070735,The Sting
tt8093700,The Woman King
tt0375063,Sideways
tt32843349,"Sorry, Baby"
tt0100998,夢
tt0166813,Spirit: Stallion of the Cimarron
tt1469304,Baywatch
tt0852713,The House Bunny
tt0063555,Նռան գույնը
tt0067185,Harold and Maude
tt0119558,Lolita
tt2649356,Sharp Objects
tt9731534,The Night House
tt0363547,Dawn of the Dead
tt0113198,A Goofy Movie
tt0450385,1408
tt9866072,Holidate
tt0393109,Brick
tt0111507,Trois couleurs : Blanc
tt0251736,House of 1000 Corpses
tt0145660,Austin Powers: The Spy Who Shagged Me
tt16300138,I Used to Be Funny
tt0086960,Beverly Hills Cop
tt0079522,Manhattan
tt1502712,Fantastic Four
tt11851548,Orphan: First Kill
tt0296042,殺し屋1
tt0071230,Blazing Saddles
tt0808279,Funny Games
tt0157503,Drop Dead Gorgeous
tt1132626,Saw V
tt1067106,A Christmas Carol
tt0111070,The Santa Clause
tt0062136,PlayTime
tt0138704,Pi
tt3682448,Bridge of Spies
tt4998632,Ambulance
tt1028532,Hachi: A Dog’s Tale
tt14138650,The Pale Blue Eye
tt0147612,Happiness
tt3387520,Scary Stories to Tell in the Dark
tt1602613,Only God Forgives
tt1086772,Blended
tt4777008,Maleficent: Mistress of Evil
tt0289765,Red Dragon
tt0094898,Coming to America
tt10970552,The Haunting of Bly Manor
tt0338526,Van Helsing
tt6977338,Good Boys
tt15340724,20세기 소녀
tt0277371,Not Another Teen Movie
tt2494362,Bone Tomahawk
tt4575576,Christopher Robin
tt0113118,Friday
tt0071203,哀しみのベラドンナ
tt2358891,La grande bellezza
tt4877122,The Emoji Movie
tt2109248,Transformers: Age of Extinction
tt3554046,Space Jam: A New Legacy
tt1091722,Adventureland
tt30127325,Black Mirror: Common People
tt8350360,Annabelle Comes Home
tt11687002,The Outrun
tt1371111,Cloud Atlas
tt21909764,Culpa mía
tt0077745,Invasion of the Body Snatchers
tt0877057,Death Note
tt0405325,Sky High
tt2370248,Short Term 12
tt0497465,Vicky Cristina Barcelona
tt28912858,The Rat Catcher
tt12749596,Host
tt7068946,The Accountant²
tt0088939,The Color Purple
tt27729779,El hoyo 2
tt2567026,Alice Through the Looking Glass
tt5962210,Ingrid Goes West
tt0112642,Casper
tt0025316,It Happened One Night
tt4126476,After
tt0978764,Sucker Punch
tt0091790,Pretty in Pink
tt10574558,Midnight Mass
tt1655442,The Artist
tt1411238,No Strings Attached
tt0047296,On the Waterfront
tt0259324,Ghost Rider
tt0082495,Halloween II
tt3513500,Chip ’n Dale: Rescue Rangers
tt0119822,As Good as It Gets
tt0266915,Rush Hour 2
tt1679335,Trolls
tt1489889,Central Intelligence
tt0378793,Speak
tt4873118,Guy Ritchie’s The Covenant
tt0450278,Hostel
tt7057496,기억의 밤
tt7775622,Free Solo
tt0069704,American Graffiti
tt1648204,Lemonade Mouth
tt0073540,Picnic at Hanging Rock
tt0472205,Watching the Detectives
tt0096251,鉄男
tt1133985,Green Lantern
tt13055264,Extraña forma de vida
tt0045810,Gentlemen Prefer Blondes
tt15078804,Problemista
tt0106856,Falling Down
tt0060107,Андрей Рублёв
tt0086320,Sleepaway Camp
tt0083929,Fast Times at Ridgemont High
tt0154420,Festen
tt1128075,愛のむきだし
tt0085334,A Christmas Story
tt4538072,Black Mirror: San Junipero
tt2763304,T2 Trainspotting
tt0110367,Little Women
,DAHMER - Monster: The Jeffrey Dahmer Story
tt0058150,Goldfinger
tt3654796,Creep 2
tt0457510,Nacho Libre
tt0069995,Don’t Look Now
tt9071322,Dark Waters
tt2762506,Bacurau
tt14814040,Not Okay
tt5635086,God’s Own Country
tt5886440,El secreto de Marrowbone
tt0208502,天使のたまご
tt0070510,Paper Moon
tt11304740,Wish
tt3427252,The Boogeyman
tt0822832,Marley & Me
tt0333766,Garden State
tt1305806,El secreto de sus ojos
tt30645201,Honey Don’t!
tt10702760,National Theatre Live: Fleabag
tt13139228,My Policeman
tt3774694,Love
tt4786282,Lights Out
tt0047034,ゴジラ
tt0493464,Wanted
tt7556122,The Old Guard
tt0414993,The Fountain
tt0099077,Awakenings
tt30953759,لا أرض أخرى
tt0107822,The Piano
tt3440298,Descendants
tt0373074,功夫
tt0049406,The Killing
tt0095444,Killer Klowns from Outer Space
tt1233227,Saw VI
tt7139936,A Rainy Day in New York
tt14407336,La Bête
tt0094964,Dead Ringers
tt12680684,È stata la mano di Dio
tt3079380,Spy
tt22207786,Les Chambres rouges
tt0310775,복수는 나의 것
tt0386588,Hitch
tt0100814,Tremors
tt11152168,IF
tt0080120,The Warriors
tt0356150,EuroTrip
tt6394270,Bombshell
tt0058430,鬼婆
tt0100150,Miller’s Crossing
tt13186306,War of the Worlds
tt0898367,The Road
tt0066999,Dirty Harry
tt7914416,カメラを止めるな！
tt11909878,Hocus Pocus 2
tt13375076,The Pope’s Exorcist
tt0393162,Coach Carter
tt0114681,To Die For
tt17076046,Weird: The Al Yankovic Story
tt0290002,Meet the Fockers
tt10636622,Euphoria: Trouble Don’t Last Always
tt12261776,65
tt15255876,Emily the Criminal
tt6111574,The Woman in the Window
tt0451079,Horton Hears a Who!
tt3966404,Mustang
tt0112864,Die Hard With a Vengeance
tt3631112,The Girl on the Train
tt8521778,Bob Marley: One Love
tt0959337,Revolutionary Road
tt8372298,Swallow
tt8155288,Happy Death Day 2U
tt0099423,Die Hard 2
tt0303361,May
tt3410834,Allegiant
tt15268244,Joy Ride
tt0311113,Master and Commander: The Far Side of the World
tt0098724,"sex, lies, and videotape"
tt14257582,Wolfs
tt11388580,Miss Americana
tt2224026,Home
tt3569230,Legend
tt0203119,Sexy Beast
tt0082783,My Dinner with Andre
tt0140352,The Insider
tt0328107,Man on Fire
tt10682266,Hubie Halloween
tt0021814,Dracula
tt5541240,To the Bone
tt0064068,薔薇の葬列
tt0104691,The Last of the Mohicans
tt3348730,Jigsaw
tt0020530,Un Chien Andalou
tt2481498,"Extremely Wicked, Shockingly Evil and Vile"
tt0102536,Night on Earth
tt3850590,Krampus
tt0068182,"Aguirre, der Zorn Gottes"
tt0085333,Christine
tt36463894,Predator: Killer of Killers
tt0105151,The Player
tt4687108,In the Tall Grass
tt0058946,La battaglia di Algeri
tt1939659,Carrie
tt2203939,The Other Woman
tt0064276,Easy Rider
tt28490044,悪は存在しない
tt0097428,Ghostbusters II
tt2692904,Locke
tt6217926,Annette
tt0117665,Sleepers
tt0073582,Profondo rosso
tt5536736,The Meyerowitz Stories (New and Selected)
tt0463998,Freedom Writers
tt13964390,Sous la Seine
tt10342730,Spiral: From the Book of Saw
tt0120888,The Wedding Singer
tt11161474,Pieces of a Woman
tt12618926,Madres paralelas
tt26342662,M3GAN 2.0
tt0387898,Caché
tt0443536,Hoodwinked!
tt0163978,The Beach
tt1839492,Ruby Sparks
tt31973693,The Roses
tt0056687,What Ever Happened to Baby Jane?
tt0980970,The Chronicles of Narnia: The Voyage of the Dawn Treader
tt4226388,Victoria
tt0091670,Offret
tt14846026,Sisu
tt14857528,Time Cut
tt1535108,Elysium
tt0118880,Con Air
tt0399295,Lord of War
tt9777644,Da 5 Bloods
tt0365376,"장화, 홍련"
tt12921446,The Exorcist: Believer
tt9784456,The Kissing Booth 2
tt0080749,The Fog
tt0033870,The Maltese Falcon
tt1187064,Triangle
tt27196021,Small Things Like These
tt0158983,"South Park: Bigger, Longer & Uncut"
tt2325989,Teen Beach Movie
tt0093409,Lethal Weapon
tt2375605,Jagal
tt4995790,The Square
tt0081455,Scanners
tt0049730,The Searchers
tt5198890,Eileen
tt1536537,What Happened to Monday
tt0082418,Friday the 13th Part 2
tt0112887,The Doom Generation
tt0076666,Saturday Night Fever
tt7766378,The Electric State
tt0106364,Batman: Mask of the Phantasm
tt0367089,The Squid and the Whale
tt9288822,The Wonder
tt16227014,Fire of Love
tt20247352,Black Mirror: Joan Is Awful
tt5028340,Mary Poppins Returns
tt0103873,Braindead
tt1772398,The Strange Thing About the Johnsons
tt21276878,You Are So Not Invited to My Bat Mitzvah
tt0026138,Bride of Frankenstein
tt0240890,Serendipity
tt7772582,Never Rarely Sometimes Always
tt0133189,SLC Punk
tt5073642,Color Out of Space
tt0370263,AVP: Alien vs. Predator
tt0810705,NANA
tt0472033,9
tt28491891,His Three Daughters
tt14998742,Rebel Moon – Part One: A Child of Fire
tt0111503,True Lies
tt0050613,蜘蛛巣城
tt0381849,3:10 to Yuma
tt11032374,劇場版「鬼滅の刃」無限列車編
tt1896747,Fly Me to the Moon
tt0165798,Ghost Dog: The Way of the Samurai
tt0059026,A Charlie Brown Christmas
tt15301048,Argentina 1985
tt0295178,Austin Powers in Goldmember
tt1465522,Tucker and Dale vs. Evil
tt1172570,Bronson
tt0306047,Scary Movie 3
tt5774060,Underwater
tt14128670,Kimi
tt5697572,Cats
tt0057345,Le Mépris
tt0187738,Blade II
tt4900148,Elio
tt3169706,Pride
tt0102138,JFK
tt35301431,Homem com H
tt33427273,A Nonsense Christmas with Sabrina Carpenter
tt0309698,Identity
tt0420223,Stranger Than Fiction
tt32434379,My Fault: London
tt1865505,Song of the Sea
tt0047437,Sabrina
tt2334873,Blue Jasmine
tt0313737,Two Weeks Notice
tt0938283,The Last Airbender
tt0093105,"Good Morning, Vietnam"
tt0879870,Eat Pray Love
tt0274558,The Hours
tt0098258,Say Anything…
tt9231040,First Cow
tt0887261,Hellraiser
tt1135503,Julie & Julia
tt0082406,The Fox and the Hound
tt0286716,Hulk
tt1823672,Chappie
tt1152836,Public Enemies
tt2884206,I Origins
tt0154506,Following
tt0817230,Valentine’s Day
tt22893404,Maria
tt12810074,Nightbitch
tt2660888,Star Trek Beyond
tt0096754,The Abyss
tt0301357,"Good Bye, Lenin!"
tt0116705,Jingle All the Way
tt1311071,Kill Your Darlings
tt0057115,The Great Escape
tt0037558,Brief Encounter
tt6725014,Scener ur ett äktenskap
tt0055928,Dr. No
tt0425123,Just Like Heaven
tt0089686,A Nightmare on Elm Street Part 2: Freddy’s Revenge
tt0424774,The Adventures of Sharkboy and Lavagirl
tt1736633,"Oslo, 31. august"
tt0116683,James and the Giant Peach
tt4267026,Hell House LLC
tt3447590,Roald Dahl’s Matilda the Musical
tt0118125,The Watermelon Woman
tt4178092,The Gift
tt0099348,Dances with Wolves
tt8075496,Bao
tt0114906,Welcome to the Dollhouse
tt0213149,Pearl Harbor
tt2334649,Fruitvale Station
tt11024272,The Babysitter: Killer Queen
tt12263384,Extraction 2
tt10236164,Pigen med nålen
tt16252698,Passages
tt0015324,Sherlock Jr.
tt1473832,Bridget Jones’s Baby
tt3086442,"Ich seh, Ich seh"
tt0052561,Anatomy of a Murder
tt0340855,Monster
tt3316960,Still Alice
tt24807110,Don’t Move
tt4218572,Widows
tt0118929,Dark City
tt0068361,Le Charme discret de la bourgeoisie
tt1911658,Penguins of Madagascar
tt0200550,Coyote Ugly
tt1727388,The Way Way Back
tt0075612,3 Women
tt23778968,Thelma
tt0335345,The Passion of the Christ
tt3920596,Big Little Lies
tt0093629,A Nightmare on Elm Street 3: Dream Warriors
tt1915581,Magic Mike
tt0155776,Jawbreaker
tt14109724,Ticket to Paradise
tt0396171,Perfume: The Story of a Murderer
tt0083922,Fanny och Alexander
tt0120879,Velvet Goldmine
tt8508734,His House
tt0329101,Freddy vs. Jason
tt1365519,Tomb Raider
tt1229340,Anchorman 2: The Legend Continues
tt2591814,言の葉の庭
tt0112817,Dead Man
tt11464826,The Social Dilemma
tt16116174,Harry Potter 20th Anniversary: Return to Hogwarts
tt8337264,Chicken Run: Dawn of the Nugget
tt2975578,The Purge: Anarchy
tt15552142,Caddo Lake
tt27490099,L'Amour ouf
tt1477076,Saw 3D
tt0949731,The Happening
tt7347846,The Lodge
tt0058625,砂の女
tt8364368,Crawl
tt0061184,Who’s Afraid of Virginia Woolf?
tt0349205,Cheaper by the Dozen
tt3224458,A Beautiful Day in the Neighborhood
tt0837563,Pet Sematary
tt0120907,eXistenZ
tt2140203,おおかみこどもの雨と雪
tt0151738,Never Been Kissed
tt0472181,The Smurfs
tt1193138,Up in the Air
tt7752126,Brightburn
tt0163988,Bringing Out the Dead
tt2692250,Night at the Museum: Secret of the Tomb
tt0032599,His Girl Friday
tt0105417,Sister Act
tt27802490,파묘
tt0356634,Garfield
tt1187043,3 Idiots
tt0426955,Barbie as The Princess & the Pauper
tt3371366,Transformers: The Last Knight
tt0038787,Notorious
tt0172156,Bad Boys II
tt0265459,One Hour Photo
tt0113189,GoldenEye
tt2147319,ヘルタースケルター
tt5779228,The Garfield Movie
tt0133751,The Faculty
tt0059646,Repulsion
tt0983213,秒速5センチメートル
tt0067328,The Last Picture Show
tt0363163,Der Untergang
tt0452623,Gone Baby Gone
tt0050212,The Bridge on the River Kwai
tt8143990,Kajillionaire
tt2388715,Oculus
tt0102511,Naked Lunch
tt0068473,Deliverance
tt5181830,Wendell & Wild
tt1389072,Downsizing
tt0462590,Step Up
tt1155056,"I Love You, Man"
tt11196036,The Card Counter
tt1467304,The Human Centipede (First Sequence)
tt0377981,Gnomeo & Juliet
tt1854564,Percy Jackson: Sea of Monsters
tt1907668,Flight
tt5220122,Hotel Transylvania 3: Summer Vacation
tt24068064,Reality
tt6108178,Disobedience
tt3387648,The Taking of Deborah Logan
tt0790724,Jack Reacher
tt0114323,Safe
tt2283336,Men in Black: International
tt1126590,Big Eyes
tt0085636,Halloween III: Season of the Witch
tt0080661,Dressed to Kill
tt9777666,The Tomorrow War
tt0082096,Das Boot
tt1231580,Alvin and the Chipmunks: The Squeakquel
tt0120789,Pleasantville
tt0054331,Spartacus
tt4094724,The Purge: Election Year
tt10457128,Été 85
tt31022050,Our Little Secret
tt3766354,The Equalizer 2
tt0257044,Road to Perdition
tt17024450,The Equalizer 3
tt0361467,Confessions of a Teenage Drama Queen
tt32178949,Les Graines du figuier sauvage
tt32086077,പ്രഭയായ് നിനച്ചതെല്ലാം
tt0079116,Escape from Alcatraz
tt1860353,Turbo
tt0093593,Na Srebrnym Globie
tt0115940,Conte d'été
tt0427312,Grizzly Man
tt10016180,The Little Things
tt21051906,A Family Affair
tt0092965,Empire of the Sun
tt0104348,Glengarry Glen Ross
tt21261712,Back to Black
tt2183014,Love at First Sight
tt0108432,海がきこえる
tt8580274,Eurovision Song Contest: The Story of Fire Saga
tt31790114,Black Mirror: Bête Noire
tt0101921,Fried Green Tomatoes
tt0015648,Броненосец Потёмкин
tt0465538,Michael Clayton
tt0424136,Hard Candy
tt0371257,Stay
tt0051201,Witness for the Prosecution
tt0085809,Koyaanisqatsi
tt1219827,Ghost in the Shell
tt1502397,Bad Boys for Life
tt2121382,Turist
tt8267604,کفرناحوم
tt0090863,The Color of Money
tt28082769,September 5
tt0089960,Sans toit ni loi
tt1340800,Tinker Tailor Soldier Spy
tt0098084,Pet Sematary
tt1340094,The Crow
tt20214908,Another Simple Favor
tt8623904,Last Christmas
tt2126355,San Andreas
tt0086022,Ностальгия
tt0333780,"Legally Blonde 2: Red, White & Blonde"
tt0762073,박쥐
tt5867314,The Empty Man
tt0039192,Black Narcissus
tt0019760,Человек с киноаппаратом
tt0758746,Friday the 13th
tt0046911,Les Diaboliques
tt0430357,Miami Vice
tt0104694,A League of Their Own
tt0050783,Le notti di Cabiria
tt1114740,Paul Blart: Mall Cop
tt0283283,千禧曼波
tt0117500,The Rock
tt6823148,Benedetta
tt28277817,Bird
tt19760052,La Passion de Dodin Bouffant
tt0086984,Body Double
tt0963743,"Angus, Thongs and Perfect Snogging"
tt0114558,Strange Days
tt11097384,Spaceman
tt0084503,Pink Floyd: The Wall
tt0112431,Babe
tt0411477,Hellboy II: The Golden Army
tt3532216,American Made
tt0181852,Terminator 3: Rise of the Machines
tt0089530,Mad Max Beyond Thunderdome
tt0073440,Nashville
tt0144120,Bride of Chucky
tt0177789,Galaxy Quest
tt0120890,Wild Things
tt0403508,The Sisterhood of the Traveling Pants
tt0114682,"To Wong Foo, Thanks for Everything! Julie Newmar"
tt4273800,The Good Nurse
tt2234155,The Internship
tt10530176,콜
tt1959563,The Hitman’s Bodyguard
tt1985966,Cloudy with a Chance of Meatballs 2
tt2873282,Red Sparrow
tt0061512,Cool Hand Luke
tt1232200,That’s My Boy
tt0029947,Bringing Up Baby
tt4052882,The Shallows
tt0052311,Touch of Evil
tt0058385,My Fair Lady
tt0397535,Memoirs of a Geisha
tt10514222,Ma Rainey’s Black Bottom
tt9288046,The Sea Beast
tt0110950,Reality Bites
tt1241317,Death Note
tt0756683,The Man from Earth
tt3416536,Hot Summer Nights
tt0445934,Blades of Glory
tt7236034,君の膵臓をたべたい
tt0117913,A Time to Kill
tt2139881,Long Shot
tt0095088,Elvira: Mistress of the Dark
tt0218839,Best in Show
tt11768948,If Anything Happens I Love You
tt10857160,She-Hulk: Attorney at Law
tt2382009,Nymphomaniac: Vol. II
tt2229499,Don Jon
tt0111341,Sátántangó
tt0478087,21
tt0097108,"The Cook, the Thief, His Wife & Her Lover"
tt0271383,O Auto da Compadecida
tt0408306,Munich
tt3882082,The Boy
tt1517268,Barbie
tt6751668,기생충
tt0816692,Interstellar
tt0137523,Fight Club
tt3783958,La La Land
tt6710474,Everything Everywhere All at Once
tt2582802,Whiplash
tt15398776,Oppenheimer
tt0110912,Pulp Fiction
tt0120382,The Truman Show
tt1517268,Barbie
tt6751668,기생충
tt0816692,Interstellar
tt0137523,Fight Club
tt3783958,La La Land
tt6710474,Everything Everywhere All at Once
tt2582802,Whiplash
tt15398776,Oppenheimer
tt0110912,Pulp Fiction
tt0120382,The Truman Show
tt17526714,The Substance
tt7286456,Joker
tt0338013,Eternal Sunshine of the Spotless Mind
tt1160419,Dune
tt5052448,Get Out
tt4633694,Spider-Man: Into the Spider-Verse
tt8772262,Midsommar
tt1877830,The Batman
tt0468569,The Dark Knight
tt1375666,Inception
tt31193180,Sinners
tt0144084,American Psycho
tt8946378,Knives Out
tt15239678,Dune: Part Two
tt9362722,Spider-Man: Across the Spider-Verse
tt0097165,Dead Poets Society
tt0147800,10 Things I Hate About You
tt0245429,千と千尋の神隠し
tt0993846,The Wolf of Wall Street
tt17351924,Saltburn
tt16426418,Challengers
tt5040012,Nosferatu
tt2278388,The Grand Budapest Hotel
tt4925292,Lady Bird
tt0114369,Se7en
tt0947798,Black Swan
tt14230458,Poor Things
tt0109830,Forrest Gump
tt0361748,Inglourious Basterds
tt9764362,The Menu
tt0081505,The Shining
tt5950044,Superman
tt2267998,Gone Girl
tt28607951,Anora
tt3281548,Little Women
tt10872600,Spider-Man: No Way Home
tt5726616,Call Me by Your Name
tt0102926,The Silence of the Lambs
tt0266697,Kill Bill: Vol. 1
tt1022603,(500) Days of Summer
tt0119217,Good Will Hunting
tt1130884,Shutter Island
tt0068646,The Godfather
tt1262426,Wicked
tt0382932,Ratatouille
tt0432283,Fantastic Mr. Fox
tt1659337,The Perks of Being a Wallflower
tt1853728,Django Unchained
tt4154756,Avengers: Infinity War
tt4154796,Avengers: Endgame
tt3890160,Baby Driver
tt6263850,Deadpool & Wolverine
tt7784604,Hereditary
tt0133093,The Matrix
tt0075314,Taxi Driver
tt0111161,The Shawshank Redemption
tt22022452,Inside Out 2
tt1285016,The Social Network
tt1798709,Her
tt0446029,Scott Pilgrim vs. the World
tt0120737,The Lord of the Rings: The Fellowship of the Ring
tt12299608,Mickey 17
tt0377092,Mean Girls
tt0246578,Donnie Darko
tt2096673,Inside Out
tt0120338,Titanic
tt0449059,Little Miss Sunshine
tt11564570,Glass Onion
tt0327597,Coraline
tt20215234,Conclave
tt2543164,Arrival
tt1392170,The Hunger Games
tt13238346,Past Lives
tt2015381,Guardians of the Galaxy
tt18925334,Pearl
tt2380307,Coco
tt0304141,Harry Potter and the Prisoner of Azkaban
tt0458352,The Devil Wears Prada
tt1856101,Blade Runner 2049
tt0347149,ハウルの動く城
tt10954984,Nope
tt2584384,Jojo Rabbit
tt19770238,Aftersun
tt0241527,Harry Potter and the Philosopher’s Stone
tt1049413,Up
tt0099685,GoodFellas
tt0076759,Star Wars
tt1825683,Black Panther
tt0088763,Back to the Future
tt1431045,Deadpool
tt0414387,Pride & Prejudice
tt6857112,Us
tt0332280,The Notebook
tt0910970,WALL·E
tt0477348,No Country for Old Men
tt1392214,Prisoners
tt23468450,Longlegs
tt1392190,Mad Max: Fury Road
tt0780504,Drive
tt0126029,Shrek
tt2250912,Spider-Man: Homecoming
tt2948372,Soul
tt1745960,Top Gun: Maverick
tt0117571,Scream
tt6791350,Guardians of the Galaxy Vol. 3
tt0209144,Memento
tt11286314,Don’t Look Up
tt17009710,Anatomie d'une chute
tt12593682,Bullet Train
tt7984734,The Lighthouse
tt1630029,Avatar: The Way of Water
tt0499549,Avatar
tt0180093,Requiem for a Dream
tt0848228,The Avengers
tt0078748,Alien
tt13560574,X
tt0088847,The Breakfast Club
tt0062622,2001: A Space Odyssey
tt0264464,Catch Me If You Can
tt0099785,Home Alone
tt1396484,It
tt14849194,The Holdovers
tt26581740,Weapons
tt0096283,となりのトトロ
tt0107290,Jurassic Park
tt0145487,Spider-Man
tt0829482,Superbad
tt0172495,Gladiator
tt0795421,Mamma Mia!
tt0080684,The Empire Strikes Back
tt0121766,Star Wars: Episode III – Revenge of the Sith
tt0167260,The Lord of the Rings: The Return of the King
tt0388795,Brokeback Mountain
tt20969586,Thunderbolts*
tt0112471,Before Sunrise
tt6320628,Spider-Man: Far From Home
tt10676052,The Fantastic Four: First Steps
tt26047818,Anyone But You
tt17527468,Bottoms
tt8579674,1917
tt0330373,Harry Potter and the Goblet of Fire
tt0371746,Iron Man
tt0335266,Lost in Translation
tt4975722,Moonlight
tt0114709,Toy Story
tt0317705,The Incredibles
tt0443706,Zodiac
tt0364569,올드보이
tt0167261,The Lord of the Rings: The Two Towers
tt0295297,Harry Potter and the Chamber of Secrets
tt3915174,Puss in Boots: The Last Wish
tt0251127,How to Lose a Guy in 10 Days
tt1099212,Twilight
tt1951264,The Hunger Games: Catching Fire
tt0266543,Finding Nemo
tt9419884,Doctor Strange in the Multiverse of Madness
tt10545296,The Hunger Games: The Ballad of Songbirds & Snakes
tt0482571,The Prestige
tt0198781,"Monsters, Inc."
tt0398286,Tangled
tt5013056,Dunkirk
tt5727208,Uncut Gems
tt1226837,Beautiful Boy
tt2872718,Nightcrawler
tt0166924,Mulholland Drive
tt0316654,Spider-Man 2
tt8613070,Portrait de la jeune fille en feu
tt0119698,もののけ姫
tt3498820,Captain America: Civil War
tt6644200,A Quiet Place
tt3896198,Guardians of the Galaxy Vol. 2
tt0050083,12 Angry Men
tt6723592,Tenet
tt0372784,Batman Begins
tt0066921,A Clockwork Orange
tt0211915,Le Fabuleux Destin d'Amélie Poulain
tt0112697,Clueless
tt0073195,Jaws
tt1345836,The Dark Knight Rises
tt0108052,Schindler’s List
tt1201607,Harry Potter and the Deathly Hallows: Part 2
tt0105236,Reservoir Dogs
tt6166392,Wonka
tt0467406,Juno
tt5537002,Killers of the Flower Moon
tt0054215,Psycho
tt26584495,Companion
tt0110357,The Lion King
tt0373889,Harry Potter and the Order of the Phoenix
tt2911666,John Wick
tt0298148,Shrek 2
tt0083658,Blade Runner
tt0107688,The Nightmare Before Christmas
tt15791034,Barbarian
tt2194499,About Time
tt0159097,The Virgin Suicides
tt0086250,Scarface
tt1843866,Captain America: The Winter Soldier
tt4263482,The Witch
tt6587046,君たちはどう生きるか
tt11813216,The Banshees of Inisherin
tt1211837,Doctor Strange
tt29623480,The Wild Robot
tt0172493,"Girl, Interrupted"
tt0156887,Perfect Blue
tt6718170,The Super Mario Bros. Movie
tt9218128,Gladiator II
tt0094721,Beetlejuice
tt0417741,Harry Potter and the Half-Blood Prince
tt3566834,A Minecraft Movie
tt10640346,Babylon
tt0407887,The Departed
tt0469494,There Will Be Blood
tt0086190,Return of the Jedi
tt0120663,Eyes Wide Shut
tt0099487,Edward Scissorhands
tt0120915,Star Wars: Episode I – The Phantom Menace
tt10168670,Bones and All
tt0325980,Pirates of the Caribbean: The Curse of the Black Pearl
tt4972582,Split
tt0926084,Harry Potter and the Deathly Hallows: Part 1
tt14230388,Asteroid City
tt10638522,Talk to Me
tt22041854,Priscilla
tt21823606,A Real Pain
tt16311594,F1
tt7653254,Marriage Story
tt2395427,Avengers: Age of Ultron
tt1727824,Bohemian Rhapsody
tt2488496,Star Wars: The Force Awakens
tt0084787,The Thing
tt1131734,Jennifer’s Body
tt0071562,The Godfather Part II
tt0892769,How to Train Your Dragon
tt0378194,Kill Bill: Vol. 2
tt27131358,We Live in Time
tt0948470,The Amazing Spider-Man
tt4772188,Straume
tt0116282,Fargo
tt13833688,The Whale
tt3464902,The Lobster
tt0117951,Trainspotting
tt0121164,Corpse Bride
tt0250494,Legally Blonde
tt11563598,A Complete Unknown
tt5463162,Deadpool 2
tt0118694,花樣年華
tt0253474,The Pianist
tt3659388,The Martian
tt21064584,The Iron Claw
tt1457767,The Conjuring
tt18412256,Alien: Romulus
tt0337563,13 Going on 30
tt10731256,Don’t Worry Darling
tt0110413,Léon
tt5649144,The Florida Project
tt8110652,Bodies Bodies Bodies
tt28015403,Heretic
tt14205554,KPop Demon Hunters
tt1119646,The Hangover
tt0458339,Captain America: The First Avenger
tt0120815,Saving Private Ryan
tt0289043,28 Days Later
tt3748528,Rogue One: A Star Wars Story
tt5311514,君の名は。
tt15671028,No Hard Feelings
tt0121765,Star Wars: Episode II – Attack of the Clones
tt0118715,The Big Lebowski
tt0317219,Cars
tt0091042,Ferris Bueller’s Day Off
tt0317248,Cidade de Deus
tt7160372,The Zone of Interest
tt0095327,火垂るの墓
tt8847712,The French Dispatch
tt17279496,Civil War
tt1570728,"Crazy, Stupid, Love."
tt0470752,Ex Machina
tt1343092,The Great Gatsby
tt5104604,Isle of Dogs
tt0098635,When Harry Met Sally…
tt3480822,Black Widow
tt3315342,Logan
tt10648342,Thor: Love and Thunder
tt6334354,The Suicide Squad
tt0078788,Apocalypse Now
tt2953050,Encanto
tt5580036,"I, Tonya"
tt0113247,La Haine
tt2562232,Birdman or (The Unexpected Virtue of Ignorance)
tt3521164,Moana
tt1748122,Moonrise Kingdom
tt10370710,Verdens verste menneske
tt4589218,Five Nights at Freddy’s
tt0169547,American Beauty
tt2948356,Zootopia
tt0167404,The Sixth Sense
tt2527336,Star Wars: The Last Jedi
tt15474916,Smile
tt16277242,La sociedad de la nieve
tt0367594,Charlie and the Chocolate Factory
tt0478970,Ant-Man
tt1951265,The Hunger Games: Mockingjay – Part 1
tt0435761,Toy Story 3
tt4154664,Captain Marvel
tt8999762,The Brutalist
tt0092005,Stand by Me
tt4034228,Manchester by the Sea
tt2294629,Frozen
tt1663202,The Revenant
tt0240772,Ocean’s Eleven
tt0353969,살인의 추억
tt3799694,The Nice Guys
tt12801262,Luca
tt0876563,崖の上のポニョ
tt2245084,Big Hero 6
tt9639470,Last Night in Soho
tt9376612,Shang-Chi and the Legend of the Ten Rings
tt1228705,Iron Man 2
tt0413300,Spider-Man 3
tt3460252,The Hateful Eight
tt0090756,Blue Velvet
tt0120689,The Green Mile
tt0265666,The Royal Tenenbaums
tt12584954,Twisters
tt1300854,Iron Man 3
tt12037194,Furiosa: A Mad Max Saga
tt0113277,Heat
tt0095016,Die Hard
tt2049403,Beetlejuice Beetlejuice
tt2802144,Kingsman: The Secret Service
tt9619824,Final Destination Bloodlines
tt0082971,Raiders of the Lost Ark
tt0052357,Vertigo
tt15574270,I Saw the TV Glow
tt1684562,The Fall Guy
tt9114286,Black Panther: Wakanda Forever
tt30253473,Materialists
tt4016934,아가씨
tt1951266,The Hunger Games: Mockingjay – Part 2
tt0800369,Thor
tt22048412,MaXXXine
tt10548174,28 Years Later
tt7144666,The Black Phone
tt7349662,BlacKkKlansman
tt0120363,Toy Story 2
tt0441773,Kung Fu Panda
tt0097814,魔女の宅急便
tt30057084,Babygirl
tt5083738,The Favourite
tt0365748,Shaun of the Dead
tt1386697,Suicide Squad
tt26753003,Trap
tt0381681,Before Sunset
tt1016150,Im Westen nichts Neues
tt3606756,Incredibles 2
tt5580390,The Shape of Water
tt2527338,Star Wars: The Rise of Skywalker
tt0112913,墮落天使
tt3704428,Elvis
tt0100405,Pretty Woman
tt5700672,부산행
tt14961016,Ainda Estou Aqui
tt7798634,Ready or Not
tt3228774,Cruella
tt0073486,One Flew Over the Cuckoo’s Nest
tt27503384,Perfect Days
tt0083866,E.T. the Extra-Terrestrial
tt5363618,Sound of Metal
tt1872181,The Amazing Spider-Man 2
tt0109424,重慶森林
tt0314331,Love Actually
tt7322224,Triangle of Sadness
tt0077651,Halloween
tt0087884,"Paris, Texas"
tt8097030,Turning Red
tt0093779,The Princess Bride
tt0093058,Full Metal Jacket
tt0457430,El laberinto del fauno
tt0034583,Casablanca
tt11138512,The Northman
tt1490017,The Lego Movie
tt1981677,Pitch Perfect
tt1282140,Easy A
tt21192142,All of Us Strangers
tt31806037,Adolescence
tt0070047,The Exorcist
tt23289160,ゴジラ-1.0
tt0179116,But I’m a Cheerleader
tt1489887,Booksmart
tt1270797,Venom
tt5715874,The Killing of a Sacred Deer
tt11315808,Joker: Folie à Deux
tt10366206,John Wick: Chapter 4
tt14966898,Late Night with the Devil
tt10919420,오징어 게임
tt26743210,How to Train Your Dragon
tt5109784,mother!
tt8721424,"tick, tick… BOOM!"
tt1596363,The Big Short
tt9032400,Eternals
tt6966692,Green Book
tt0247638,The Princess Diaries
tt1485796,The Greatest Showman
tt2084970,The Imitation Game
tt0120762,Mulan
tt1302006,The Irishman
tt0387564,Saw
tt0074285,Carrie
tt0072271,The Texas Chain Saw Massacre
tt0381707,White Chicks
tt1232829,21 Jump Street
tt1517451,A Star Is Born
tt13433802,A Quiet Place: Day One
tt0332379,School of Rock
tt0077631,Grease
tt0092099,Top Gun
tt31036941,Jurassic World Rebirth
tt11271038,Licorice Pizza
tt1790864,The Maze Runner
tt0181875,Almost Famous
tt0047396,Rear Window
tt7349950,It Chapter Two
tt0094625,Akira
tt29268110,Smile 2
tt21382296,Carry-On
tt1605783,Midnight in Paris
tt5613484,mid90s
tt1014759,Alice in Wonderland
tt14444726,TÁR
tt2798920,Annihilation
tt1670345,Now You See Me
tt6264654,Free Guy
tt1677720,Ready Player One
tt0120783,The Parent Trap
tt0073629,The Rocky Horror Picture Show
tt9484998,Palm Springs
tt1979376,Toy Story 4
tt2347569,Frances Ha
tt1950186,Ford v Ferrari
tt0060196,"Il buono, il brutto, il cattivo"
tt15789038,Elemental
tt1981115,Thor: The Dark World
tt0114814,The Usual Suspects
tt1045658,Silver Linings Playbook
tt0275847,Lilo & Stitch
tt0422720,Marie Antoinette
tt5095030,Ant-Man and the Wasp
tt4425200,John Wick: Chapter 2
tt9620292,Promising Young Woman
tt19637052,Love Lies Bleeding
tt1136617,The Killer
tt0206634,Children of Men
tt1156398,Zombieland
tt0090605,Aliens
tt0033467,Citizen Kane
tt1217209,Brave
tt0383574,Pirates of the Caribbean: Dead Man’s Chest
tt0369610,Jurassic World
tt0421715,The Curious Case of Benjamin Button
tt0091251,Иди и смотри
tt10048342,The Queen’s Gambit
tt2119532,Hacksaw Ridge
tt2674426,Me Before You
tt9603212,Mission: Impossible – Dead Reckoning
tt2402927,Carol
tt0425112,Hot Fuzz
tt0451279,Wonder Woman
tt3397884,Sicario
tt13651794,May December
tt11317142,Shiva Baby
tt1878870,The Edge of Seventeen
tt14858658,Blink Twice
tt17663992,Scream VI
tt0434409,V for Vendetta
tt0195714,Final Destination
tt11245972,Scream
tt0783233,Atonement
tt0075148,Rocky
tt1772341,Wreck-It Ralph
tt0185937,The Blair Witch Project
tt0032138,The Wizard of Oz
tt14513804,Captain America: Brave New World
tt0088247,The Terminator
tt4846232,Good Time
tt0038650,It’s a Wonderful Life
tt4116284,The Lego Batman Movie
tt2737304,Bird Box
tt0103064,Terminator 2: Judgment Day
tt0272338,Punch-Drunk Love
tt3846674,To All the Boys I’ve Loved Before
tt6146586,John Wick: Chapter 3 – Parabellum
tt0457939,The Holiday
tt1706620,설국열차
tt3235888,It Follows
tt8332922,A Quiet Place Part II
tt9214772,Monkey Man
tt1001526,Megamind
tt14208870,The Fabelmans
tt0370986,Mysterious Skin
tt3104988,Crazy Rich Asians
tt5027774,"Three Billboards Outside Ebbing, Missouri"
tt10954600,Ant-Man and the Wasp: Quantumania
tt0096874,Back to the Future Part II
tt8760708,M3GAN
tt1065073,Boyhood
tt0454921,The Pursuit of Happyness
tt1259571,The Twilight Saga: New Moon
tt0076786,Suspiria
tt7713068,Birds of Prey (and the Fantabulous Emancipation of One Harley Quinn)
tt1323594,Despicable Me
tt5776858,Phantom Thread
tt0319343,Elf
tt12747748,Leave the World Behind
tt0175880,Magnolia
tt0359950,The Secret Life of Walter Mitty
tt0170016,How the Grinch Stole Christmas
tt0074486,Eraserhead
tt0120586,American History X
tt0103639,Aladdin
tt5164214,Ocean’s Eight
tt13521006,Beau Is Afraid
tt3183660,Fantastic Beasts and Where to Find Them
tt30840798,The Phoenician Scheme
tt0107048,Groundhog Day
tt1453405,Monsters University
tt0097493,Heathers
tt0454876,Life of Pi
tt0117008,Matilda
tt32246771,Bring Her Back
tt13345606,Evil Dead Rise
tt0087332,Ghostbusters
tt0045152,Singin’ in the Rain
tt0112641,Casino
tt0087800,A Nightmare on Elm Street
tt0057012,Dr. Strangelove or: How I Learned to Stop Worrying and Love the Bomb
tt1877832,X-Men: Days of Future Past
tt0104431,Home Alone 2: Lost in New York
tt22408160,Kinds of Kindness
tt1318514,Rise of the Planet of the Apes
tt1259521,The Cabin in the Woods
tt0082933,Possession
tt1109624,Paddington
tt9603208,Mission: Impossible – The Final Reckoning
tt0903624,The Hobbit: An Unexpected Journey
tt0196229,Zoolander
tt0780521,The Princess and the Frog
tt1074638,Skyfall
tt0322330,Freaky Friday
tt0268380,Ice Age
tt10288566,Druk
tt9466114,The Idea of You
tt1034415,Suspiria
tt0351283,Madagascar
tt0063522,Rosemary’s Baby
tt2906216,Dungeons & Dragons: Honor Among Thieves
tt2277860,Finding Dory
tt0120917,The Emperor’s New Groove
tt0118799,La vita è bella
tt10633456,Minari
tt0381061,Casino Royale
tt0851578,パプリカ
tt0119654,Men in Black
tt13403046,Fresh
tt0106677,Dazed and Confused
tt20221436,Emilia Pérez
tt1488589,Guillermo del Toro’s Pinocchio
tt0243155,Bridget Jones’s Diary
tt1454468,Gravity
tt1189073,La piel que habito
tt8637428,The Farewell
tt0120667,Fantastic Four
tt8368368,The Apprentice
tt1136608,District 9
tt2870612,"As Above, So Below"
tt3402236,Murder on the Orient Express
tt0112573,Braveheart
tt1440292,Submarine
tt0053291,Some Like It Hot
tt2866360,Coherence
tt0317919,Mission: Impossible III
tt0029583,Snow White and the Seven Dwarfs
tt0217505,Gangs of New York
tt1935859,Miss Peregrine’s Home for Peculiar Children
tt14539740,Godzilla × Kong: The New Empire
tt4123430,Fantastic Beasts: The Crimes of Grindelwald
tt27449259,Twin Peaks
tt0405159,Million Dollar Baby
tt30505698,Friendship
tt0056801,8½
tt13654226,The Gorge
tt0361862,The Machinist
tt2379713,Spectre
tt5535276,Maestro
tt19500164,Nimona
tt0120755,Mission: Impossible II
tt1148204,Orphan
tt2293640,Minions
tt0017136,Metropolis
tt7181546,Ballerina
tt0327056,Mystic River
tt0416449,300
tt8075192,万引き家族
tt5884052,Pokémon Detective Pikachu
tt0162661,Sleepy Hollow
tt16300962,Cuando acecha la maldad
tt3718778,Over the Garden Wall
tt1355644,Passengers
tt0458525,X-Men Origins: Wolverine
tt0103776,Batman Returns
tt0357413,Anchorman: The Legend of Ron Burgundy
tt0099674,The Godfather Part III
tt0268126,Adaptation.
tt30319503,Dìdi (弟弟)
tt10403420,Terrifier 2
tt3612616,Mommy
tt0367882,Indiana Jones and the Kingdom of the Crystal Skull
tt2361509,The Intern
tt1632708,Friends with Benefits
tt8178634,రౌద్రం రణం రుధిరం
tt3731562,Kong: Skull Island
tt1504320,The King’s Speech
tt0397892,Bolt
tt0432348,Saw II
tt7984766,The King
tt5814060,The Nun
tt0093177,Hellraiser
tt1038988,[REC]
tt0119345,I Know What You Did Last Summer
tt1649418,The Gray Man
tt14561712,La Chimera
tt0087843,Once Upon a Time in America
tt1568921,借りぐらしのアリエッティ
tt32221196,One of Them Days
tt0266308,バトル・ロワイアル
tt0087538,The Karate Kid
tt0349903,Ocean’s Twelve
tt0102494,My Own Private Idaho
tt2543472,Wonder
tt0046250,Roman Holiday
tt0435625,The Descent
tt21807222,Saw X
tt0892791,Shrek Forever After
tt0244316,一一
tt7405458,A Man Called Otto
tt21097228,A Different Man
tt0758752,Love & Other Drugs
tt1502407,Halloween
tt7040874,A Simple Favor
tt1436562,Rio
tt0376994,X-Men: The Last Stand
tt1430132,The Wolverine
tt0462538,The Simpsons Movie
tt6443346,Black Adam
tt3521126,The Disaster Artist
tt9784798,Judas and the Black Messiah
tt0421239,Red Eye
tt29603959,Novocaine
tt1790809,Pirates of the Caribbean: Dead Men Tell No Tales
tt1024648,Argo
tt0242653,The Matrix Revolutions
tt16428256,すずめの戸締まり
tt1563738,One Day
tt0044741,生きる
tt3470600,Sing
tt0119643,Meet Joe Black
tt9411972,Where the Crawdads Sing
tt18559464,My Old Ass
tt4160708,Don’t Breathe
tt12349832,Cuckoo
tt21454134,The Bikeriders
tt13186482,Mufasa: The Lion King
tt1070874,The Trial of the Chicago 7
tt9058654,Dinner in America
tt13841850,Men
tt0290673,Irréversible
tt2179136,American Sniper
tt4046784,Maze Runner: The Scorch Trials
tt0970179,Hugo
tt2883512,Chef
tt27911000,Terrifier 3
tt9701942,Fear Street: 1666
tt0884328,The Mist
tt0096438,Who Framed Roger Rabbit
tt0117381,Primal Fear
tt3908142,The Love Witch
tt0093870,RoboCop
tt0070544,La Planète sauvage
tt9421570,The Guilty
tt0119488,L.A. Confidential
tt0118971,The Devil’s Advocate
tt8079248,Yesterday
tt1276104,Looper
tt0805564,Lars and the Real Girl
tt0810900,High School Musical 2
tt2788710,The Interview
tt0089881,乱
tt0307453,Shark Tale
tt9893250,I Care a Lot
tt0108550,What’s Eating Gilbert Grape
tt1564367,Just Go with It
tt0050825,Paths of Glory
tt0105323,Scent of a Woman
tt2554274,Crimson Peak
tt1482459,The Lorax
tt3606752,Cars 3
tt0075686,Annie Hall
tt30988739,Black Bag
tt5672290,The First Omen
tt0235198,オーディション
tt4062536,Green Room
tt0102685,Point Break
tt0053125,North by Northwest
tt0322259,2 Fast 2 Furious
tt0095705,The Naked Gun: From the Files of Police Squad!
tt0278504,Insomnia
tt2132285,The Bling Ring
tt3544112,Sing Street
tt1191111,Enter the Void
tt3262342,Loving Vincent
tt23055660,Nickel Boys
tt0107614,Mrs. Doubtfire
tt1700841,Sausage Party
tt5691670,Under the Silver Lake
tt7975244,Jumanji: The Next Level
tt0120630,Chicken Run
tt2005151,War Dogs
tt0111257,Speed
tt1288558,Evil Dead
tt21692408,Kung Fu Panda 4
tt0298130,The Ring
tt11003218,Pig
tt0070917,The Wicker Man
tt2848292,Pitch Perfect 2
tt1560220,Zombieland: Double Tap
tt0831387,Godzilla
tt6998518,Mandy
tt4698684,Hunt for the Wilderpeople
tt0069293,Солярис
tt0118845,春光乍洩
tt6053438,First Reformed
tt9185206,"Are You There God? It’s Me, Margaret."
tt0040746,Rope
tt5304992,Set It Up
tt3567288,The Visit
tt1588170,악마를 보았다
tt0063350,Night of the Living Dead
tt11426232,Totally Killer
tt0064116,C'era una volta il West
tt1205489,Gran Torino
tt4244994,The Last Duel
tt4500922,Maze Runner: The Death Cure
tt0093437,The Lost Boys
tt3359350,Road House
tt19356262,Drive-Away Dolls
tt1060277,Cloverfield
tt0100935,Wild at Heart
tt0163651,American Pie
tt0077416,The Deer Hunter
tt0380510,The Lovely Bones
tt1542344,127 Hours
tt0212346,Miss Congeniality
tt0259711,Vanilla Sky
tt1448754,Thanksgiving
tt0088846,Brazil
tt1974419,The Neon Demon
tt1213663,The World’s End
tt2463208,The Adam Project
tt22687790,A Haunting in Venice
tt2101441,Spring Breakers
tt8368406,Vivarium
tt0382625,The Da Vinci Code
tt13143964,Borat Subsequent Moviefilm
tt28443655,Death of a Unicorn
tt0053472,À bout de souffle
tt1800241,American Hustle
tt15325794,Fall
tt7657566,Death on the Nile
tt5022702,Hush
tt0401792,Sin City
tt0356470,A Cinderella Story
tt0315327,Bruce Almighty
tt0093822,Raising Arizona
tt2278871,La Vie d'Adèle - Chapitres 1 et 2
tt0195685,Erin Brockovich
tt0490215,Silence
tt0358082,Robots
tt3824458,Tangerine
tt0936501,Taken
tt0328880,Brother Bear
tt0120611,Blade
tt0053198,Les Quatre Cents Coups
tt12412888,Sonic the Hedgehog 2
tt1001508,He’s Just Not That Into You
tt10234724,Moon Knight
tt2267968,Kung Fu Panda 3
tt4385888,20th Century Women
tt0114148,Pocahontas
tt0258463,The Bourne Identity
tt0116367,From Dusk Till Dawn
tt0115964,Crash
tt0096256,They Live
tt11145118,Creed III
tt10298810,Lightyear
tt0103644,Alien³
tt0119177,Gattaca
tt6412452,The Ballad of Buster Scruggs
tt11358390,Renfield
tt0360486,Constantine
tt1213641,First Man
tt2576852,かぐや姫の物語
tt0042876,羅生門
tt0274812,Secretary
tt4123432,Fantastic Beasts: The Secrets of Dumbledore
tt0116629,Independence Day
tt0479952,Madagascar: Escape 2 Africa
tt7991608,Red Notice
tt0084516,Poltergeist
tt0427327,Hairspray
tt6763664,The Haunting of Hill House
tt0185125,Todo sobre mi madre
tt14403178,BEEF
tt23770030,Memoir of a Snail
tt3741834,Lion
tt0109506,The Crow
tt0079470,Life of Brian
tt0120791,Practical Magic
tt0128853,You’ve Got Mail
tt5108870,Morbius
tt0368933,The Princess Diaries 2: Royal Engagement
tt0338751,The Aviator
tt0057565,天国と地獄
tt13452446,Damsel
tt0110632,Natural Born Killers
tt0101540,Cape Fear
tt0309987,The Dreamers
tt1637688,In Time
tt0042332,Cinderella
tt0468492,괴물
tt2582496,Me and Earl and the Dying Girl
tt2322441,Fifty Shades of Grey
tt0091763,Platoon
tt21232992,Theater Camp
tt0133240,Treasure Planet
tt1622979,Final Destination 5
tt3799232,The Kissing Booth
tt30955489,Until Dawn
tt0072443,Зеркало
tt8009428,Hustle
tt28814949,Taylor Swift: The Eras Tour
tt0058331,Mary Poppins
tt0055852,Cléo de 5 à 7
tt0332452,Troy
tt0117998,Twister
tt0075860,Close Encounters of the Third Kind
tt0151804,Office Space
tt0117705,Space Jam
tt0163025,Jurassic Park III
tt1104001,TRON: Legacy
tt0371606,Chicken Little
tt0423294,Surf’s Up
tt9362930,Blue Beetle
tt0071360,The Conversation
tt11394332,Spree
tt0139134,Cruel Intentions
tt0817177,Flipped
tt0108394,Trois couleurs : Bleu
tt0082010,An American Werewolf in London
tt0438097,Ice Age: The Meltdown
tt6565702,Dark Phoenix
tt0056193,Lolita
tt0082085,Blow Out
tt0437086,Alita: Battle Angel
tt1182345,Moon
tt9208876,The Falcon and the Winter Soldier
tt4779682,The Meg
tt0040522,Ladri di biciclette
tt0105695,Unforgiven
tt0118617,Anastasia
tt5215952,곡성
tt0814255,Percy Jackson & the Olympians: The Lightning Thief
tt0058461,Per un pugno di dollari
tt6472976,Five Feet Apart
tt0104952,My Cousin Vinny
tt1661199,Cinderella
tt4495098,Gran Turismo
tt3322940,Annabelle
tt0086066,The Outsiders
tt5742374,You Were Never Really Here
tt14260836,Better Man
tt1618434,Murder Mystery
tt0094862,Child’s Play
tt1144884,The Final Destination
tt0160127,Charlie’s Angels
tt0108399,True Romance
tt0000417,Le Voyage dans la Lune
tt1596343,Fast Five
tt0109686,Dumb and Dumber
tt1403865,True Grit
tt7958736,Ma
tt0031381,Gone with the Wind
tt3741700,Godzilla: King of the Monsters
tt4364194,The Peanut Butter Falcon
tt1979320,Rush
tt0053285,Sleeping Beauty
tt1179904,Paranormal Activity
tt0034492,Bambi
tt14948432,Red One
tt0258000,Panic Room
tt1791528,Inherent Vice
tt10986222,C’mon C’mon
tt0952640,Alvin and the Chipmunks
tt0407304,War of the Worlds
tt0249462,Billy Elliot
tt0974661,17 Again
tt0212720,A.I. Artificial Intelligence
tt5638642,The Ritual
tt9620288,King Richard
tt0878804,The Blind Side
tt0276919,Dogville
tt22375054,Strange Darling
tt1446192,Rise of the Guardians
tt0360717,King Kong
tt0087182,Dune
tt0100802,Total Recall
tt2582782,Hell or High Water
tt0106308,Army of Darkness
tt3289956,The Autopsy of Jane Doe
tt10855768,Missing
tt9100054,The Lost Daughter
tt0116583,The Hunchback of Notre Dame
tt0113540,Kids
tt0168629,Dancer in the Dark
tt0095675,Mujeres al borde de un ataque de nervios
tt0010323,Das Cabinet des Dr. Caligari
tt0100332,Paris Is Burning
tt2191701,Grown Ups 2
tt1155076,The Karate Kid
tt9347730,Candyman
tt1029234,Martyrs
tt0396555,Meet the Robinsons
tt8864596,Transformers One
tt0230011,Atlantis: The Lost Empire
tt10160976,The Nun II
tt0093565,Moonstruck
tt4302938,Kubo and the Two Strings
tt21307994,Skinamarink
tt1493274,Caught Stealing
tt0830515,Quantum of Solace
tt2140479,The Accountant
tt0048424,The Night of the Hunter
tt6856242,The King’s Man
tt0079501,Mad Max
tt1196141,Diary of a Wimpy Kid
tt3531824,Nerve
tt0058450,Les Parapluies de Cherbourg
tt0112461,The Basketball Diaries
tt0119528,Liar Liar
tt14549466,Crimes of the Future
tt0481499,The Croods
tt10095582,The Tragedy of Macbeth
tt0072417,A Woman Under the Influence
tt2820852,Furious 7
tt0489270,Saw III
tt11847410,The Fallout
tt2479800,Palo Alto
tt1219289,Limitless
tt5247022,Paterson
tt4513678,Ghostbusters: Afterlife
tt4276820,The Founder
tt0368891,National Treasure
tt0103772,Basic Instinct
tt22898462,The Conjuring: Last Rites
tt0120201,Starship Troopers
tt0765429,American Gangster
tt0460829,Inland Empire
tt0111495,Trois couleurs : Rouge
tt1714915,Only Lovers Left Alive
tt3398268,思い出のマーニー
tt0094226,The Untouchables
tt0046438,東京物語
tt0366548,Happy Feet
tt0064665,Midnight Cowboy
tt0870984,Antichrist
tt1951261,The Hangover Part III
tt0162346,Ghost World
tt6343314,Creed II
tt0319262,The Day After Tomorrow
tt0388473,東京ゴッドファーザーズ
tt10665338,Halloween Kills
tt0040725,The Red Shoes
tt0190332,卧虎藏龍
tt5362988,Wind River
tt7557108,Saint Maud
tt1142977,Frankenweenie
tt0212985,Hannibal
tt0496806,Ocean’s Thirteen
tt0093191,Der Himmel über Berlin
tt28249919,Presence
tt0297721,リリイ・シュシュのすべて
tt0088178,Stop Making Sense
tt0055254,One Hundred and One Dalmatians
tt0055614,West Side Story
tt0327084,Over the Hedge
tt0363589,Elephant
tt0022100,M - Eine Stadt sucht einen Mörder
tt0104940,The Muppet Christmas Carol
tt1139797,Låt den rätte komma in
tt0097958,National Lampoon’s Christmas Vacation
tt31433402,Fear Street: Prom Queen
tt0962726,High School Musical 3: Senior Year
tt13640696,See How They Run
tt26736843,The Watchers
tt0032910,Pinocchio
tt0074958,Network
tt0448134,Sunshine
tt0343818,"I, Robot"
tt26446278,Le Comte de Monte-Cristo
tt0486576,Fantastic Four: Rise of the Silver Surfer
tt0104257,A Few Good Men
tt0119738,My Best Friend’s Wedding
tt0120265,طعم گيلاس
tt0300140,Lilja 4-ever
tt0116695,Jerry Maguire
tt0120912,Men in Black II
tt5503686,Hustlers
tt13320622,The Lost City
tt4481414,Gifted
tt0368226,The Room
tt3469046,Despicable Me 3
tt0108160,Sleepless in Seattle
tt6208148,Snow White
tt0800039,Forgetting Sarah Marshall
tt1655389,Blonde
tt0088128,Sixteen Candles
tt0091419,Little Shop of Horrors
tt0102057,Hook
tt3758542,Ferrari
tt0146882,High Fidelity
tt0109831,Four Weddings and a Funeral
tt0983193,The Adventures of Tintin
tt0118655,Austin Powers: International Man of Mystery
tt0032455,Fantasia
tt15009428,Argylle
tt0368447,The Village
tt31392609,หลานม่า
tt0103919,Candyman
tt0451094,친절한 금자씨
tt31956415,Freakier Friday
tt0245712,Amores Perros
tt0448694,Puss in Boots
tt5822536,Paddington in Peru
tt0101507,Boyz n the Hood
tt0160862,She’s All That
tt13453006,Red Rocket
tt1398426,Straight Outta Compton
tt0080455,The Blues Brothers
tt0120863,The Thin Red Line
tt1535109,Captain Phillips
tt0130827,Lola rennt
tt0212338,Meet the Parents
tt4225622,The Babysitter
tt0910936,Pineapple Express
tt0073650,Salò o le 120 giornate di Sodoma
tt1024255,Wild Child
tt1055369,Transformers: Revenge of the Fallen
tt13669038,Women Talking
tt1190080,2012
tt0115736,Bound
tt9495224,Black Mirror: Bandersnatch
tt5990474,Columbus
tt9603082,All Too Well: The Short Film
tt5433140,Fast X
tt0455944,The Equalizer
tt13429870,Robot Dreams
tt0119094,Face/Off
tt3040964,The Jungle Book
tt0056592,To Kill a Mockingbird
tt15314262,The Beekeeper
tt0036775,Double Indemnity
tt1068680,Yes Man
tt9354842,To All the Boys: P.S. I Still Love You
tt0071615,La montaña sagrada
tt1080016,Ice Age: Dawn of the Dinosaurs
tt2321405,Ma vie de courgette
tt0424095,Flushed Away
tt1683526,Detachment
tt0104797,Malcolm X
tt1172049,Demolition
tt5439796,Logan Lucky
tt13623136,The Guardians of the Galaxy Holiday Special
tt0312004,Wallace & Gromit: The Curse of the Were-Rabbit
tt10304142,Amsterdam
tt1645170,The Dictator
tt7668870,Searching
tt0048280,Lady and the Tramp
tt0060959,Sedmikrásky
tt2381111,Brooklyn
tt0046183,Peter Pan
tt1409024,Men in Black 3
tt6266538,Vice
tt0062229,Le Samouraï
tt1980929,Begin Again
tt1638355,The Man from U.N.C.L.E.
tt0077405,Days of Heaven
tt1899353,Serbuan Maut
tt10160804,Hawkeye
tt0887912,The Hurt Locker
tt10665342,Halloween Ends
tt0053459,Les Yeux sans visage
tt8633478,Run
tt0027977,Modern Times
tt1598778,Contagion
tt1386588,The Other Guys
tt6499752,Upgrade
tt4093826,Twin Peaks: The Return
tt1013752,Fast & Furious
tt1714206,The Spectacular Now
tt4262980,シン・ゴジラ
tt4686844,The Death of Stalin
tt0765010,Brothers
tt1655441,The Age of Adaline
tt29344903,Den stygge stesøsteren
tt9812474,Dýrið
tt0069762,Badlands
tt6628394,Bad Times at the El Royale
tt12789558,Belfast
tt0320661,Kingdom of Heaven
tt0053779,La Dolce Vita
tt1650043,Diary of a Wimpy Kid: Rodrick Rules
tt2120120,Pixels
tt0840361,The Town
tt14376344,Cha Cha Real Smooth
tt2004420,Neighbors
tt0311289,Holes
tt0106489,A Bronx Tale
tt0204946,Bring It On
tt1077368,Dark Shadows
tt10618286,Mank
tt0482606,The Strangers
tt0312528,The Cat in the Hat
tt1723811,Shame
tt0115734,Bottle Rocket
tt0109040,Ace Ventura: Pet Detective
tt2709768,The Secret Life of Pets
tt5918982,Possessor
tt1650062,Super 8
tt0450259,Blood Diamond
tt1979388,The Good Dinosaur
tt0061852,The Jungle Book
tt21027780,Kuolleet lehdet
tt4701182,Bumblebee
tt0065421,The Aristocats
tt1706593,Chronicle
tt0808417,Persepolis
tt0083190,Thief
tt0101985,牯嶺街少年殺人事件
tt0119237,Gummo
tt4978342,My Oxford Year
tt12003946,Violent Night
tt0901476,Bride Wars
tt1306980,50/50
tt14509110,No One Will Save You
tt22890246,How to Have Sex
tt27218960,Y2K
tt21867434,BlackBerry
tt3960412,Popstar: Never Stop Never Stopping
tt14253846,Speak No Evil
tt0140888,Central do Brasil
tt0364725,DodgeBall: A True Underdog Story
tt2222042,Love and Monsters
tt0078754,All That Jazz
tt0945513,Source Code
tt1216496,마더
tt0120735,"Lock, Stock and Two Smoking Barrels"
tt0115685,The Birdcage
tt0796366,Star Trek
tt0112950,Empire Records
tt2406566,Atomic Blonde
tt0102492,My Girl
tt0397065,House of Wax
tt1019452,A Serious Man
tt0227538,Spy Kids
tt1905041,Fast & Furious 6
tt0099653,Ghost
tt0399146,A History of Violence
tt1798684,Southpaw
tt1515091,Sherlock Holmes: A Game of Shadows
tt0183790,A Knight’s Tale
tt0281358,A Walk to Remember
tt2326554,A Girl Walks Home Alone at Night
tt1399103,Transformers: Dark of the Moon
tt0070379,Mean Streets
tt0106977,The Fugitive
tt0327679,Ella Enchanted
tt1798188,コクリコ坂から
tt0067116,The French Connection
tt0100234,کلوزآپ ، نمای نزدیک
tt0019254,La Passion de Jeanne d'Arc
tt3907584,All the Bright Places
tt6938828,At Eternity’s Gate
tt8522006,Happiest Season
tt1321510,In the Heights
tt0094737,Big
tt0499448,The Chronicles of Narnia: Prince Caspian
tt0118583,Alien Resurrection
tt0112462,Batman Forever
tt0083944,First Blood
tt1832382,جدایی نادر از سیمین
tt9873892,They Cloned Tyrone
tt0048545,Rebel Without a Cause
tt0112159,新世紀エヴァンゲリオン
tt10151854,Shazam! Fury of the Gods
tt3748172,Gerald’s Game
tt1277953,Madagascar 3: Europe’s Most Wanted
tt0096163,Spoorloos
tt0073198,"Jeanne Dielman, 23, quai du Commerce, 1080 Bruxelles"
tt27367464,Kneecap
tt0071222,Black Christmas
tt0384537,Silent Hill
tt5090568,Transformers: Rise of the Beasts
tt0059578,Per qualche dollaro in più
tt4695012,It Comes at Night
tt1623288,ParaNorman
tt1931533,Seven Psychopaths
tt0454848,Inside Man
tt5442430,Life
tt0331632,Scooby-Doo 2: Monsters Unleashed
tt0396269,Wedding Crashers
tt0475290,"Hail, Caesar!"
tt0339291,Lemony Snicket’s A Series of Unfortunate Events
tt0293508,The Phantom of the Opera
tt4045450,I Know What You Did Last Summer
tt1781769,Anna Karenina
tt5592248,The Beguiled
tt12818328,Hundreds of Beavers
tt0118688,Batman & Robin
tt3011894,Relatos salvajes
tt11301886,Rebel Ridge
tt2172954,The Life List
tt1204342,The Muppets
tt2396224,It’s Such a Beautiful Day
tt0082176,Christiane F. - Wir Kinder vom Bahnhof Zoo
tt1093908,Confessions of a Shopaholic
tt1649419,The Impossible
tt0443680,The Assassination of Jesse James by the Coward Robert Ford
tt2908446,Insurgent
tt0050986,Smultronstället
tt9683478,The Half of It
tt1588173,Warm Bodies
tt0078346,Superman
tt0811080,Speed Racer
tt0059592,Pierrot le Fou
tt1078912,Night at the Museum: Battle of the Smithsonian
tt0123865,Gia
tt0116996,Mars Attacks!
tt0099871,Jacob’s Ladder
tt15090124,Mad God
tt5462602,The Big Sick
tt0347618,猫の恩返し
tt1499658,Horrible Bosses
tt2381941,Focus
tt0021749,City Lights
tt5140878,Annabelle: Creation
tt32558992,Heart Eyes
tt0167190,Hellboy
tt11703050,The House
tt0021884,Frankenstein
tt0212712,2046
tt9198364,Three Thousand Years of Longing
tt0041959,The Third Man
tt0056923,Charade
tt0077711,Höstsonaten
tt0460791,The Fall
tt0892782,Monsters vs Aliens
tt6160448,White Noise
tt0978762,Mary and Max
tt0114436,Showgirls
tt2709692,The Grinch
tt21235248,Ghostbusters: Frozen Empire
tt0164912,Stuart Little
tt8633464,After Yang
tt0209933,Beau Travail
tt9426210,天気の子
tt0092048,タンポポ
tt6543652,Zimna wojna
tt9686708,The King of Staten Island
tt0210070,Ginger Snaps
tt2637276,Ted 2
tt2400463,The Invitation
tt8310486,Miller’s Girl
tt0106220,Addams Family Values
tt32149847,Drop
tt0082694,Mad Max 2
tt5433138,F9
tt2397535,Predestination
tt0286751,回路
tt13204490,Petite Maman
tt0109445,Clerks
tt9224104,Meg 2: The Trench
tt0119008,Donnie Brasco
tt0387808,Idiocracy
tt12908150,The Life of Chuck
tt9663764,Aquaman and the Lost Kingdom
tt1855199,End of Watch
tt13957560,Dumb Money
tt11225626,Am I OK?
tt0055630,用心棒
tt0325710,The Last Samurai
tt0074119,All the President’s Men
tt0112384,Apollo 13
tt5177120,The Ministry of Ungentlemanly Warfare
tt0077402,Dawn of the Dead
tt0079817,Rocky II
tt4827558,High Life
tt8404614,The Two Popes
tt0443272,Lincoln
tt5886046,Escape Room
tt1291584,Warrior
tt0063442,Planet of the Apes
tt8115900,The Bad Guys
tt2080374,Steve Jobs
tt0068327,Cabaret
tt0178868,リング
tt15318872,Werewolf by Night
tt0964517,The Fighter
tt0046912,Dial M for Murder
tt0126886,Election
tt0096928,Bill & Ted’s Excellent Adventure
tt0042192,All About Eve
tt6294822,The Post
tt0367631,D.E.B.S.
tt12676326,Malcolm & Marie
tt4630562,The Fate of the Furious
tt3099498,Tusk
tt0448157,Hancock
tt1937390,Nymphomaniac: Vol. I
tt0070334,The Long Goodbye
tt4209788,Molly’s Game
tt0138749,The Road to El Dorado
tt1289401,Ghostbusters
tt0993840,Army of the Dead
tt0107653,Naked
tt3874544,The Boss Baby
tt0449467,Babel
tt0486655,Stardust
tt3721936,American Honey
tt30321146,In a Violent Nature
tt0386117,Where the Wild Things Are
tt1790885,Zero Dark Thirty
tt0119809,Nowhere
tt6467266,Sing 2
tt0291350,千年女優
tt0213338,カウボーイビバップ
tt8936646,Extraction
tt0405094,Das Leben der Anderen
tt0440963,The Bourne Ultimatum
tt11755740,Texas Chainsaw Massacre
tt0033563,Dumbo
tt0056663,Vivre sa vie: film en douze tableaux
tt0890870,Saw IV
tt4566758,Mulan
tt0071994,Phantom of the Paradise
tt0093748,"Planes, Trains and Automobiles"
tt0079417,Kramer vs. Kramer
tt0090728,Big Trouble in Little China
tt0112442,Bad Boys
tt0086979,Blood Simple
tt0089603,Mishima: A Life in Four Chapters
tt10919380,Freaky
tt0109707,Ed Wood
tt3263904,Sully
tt12004038,Watcher
tt29439114,La habitación de al lado
tt2854926,Tag
tt0089927,Rocky IV
tt5198068,Wolfwalkers
tt0441909,Volver
tt0390384,Primer
tt26470109,Oddity
tt10676012,To All the Boys: Always and Forever
tt1483013,Oblivion
tt1619029,Jackie
tt13186604,Uglies
tt8790086,Kraven the Hunter
tt1125849,The Wrestler
tt2510894,Hotel Transylvania 2
tt15435876,The Penguin
tt6806448,Fast & Furious Presents: Hobbs & Shaw
tt0079641,Nosferatu - Phantom der Nacht
tt0052893,Hiroshima Mon Amour
tt0358273,Walk the Line
tt0114924,While You Were Sleeping
tt0072431,Young Frankenstein
tt0286499,Bend It Like Beckham
tt0421994,Imagine Me & You
tt7125860,If Beale Street Could Talk
tt0210945,Remember the Titans
tt0108358,Tombstone
tt0101410,Barton Fink
tt0070666,Serpico
tt16283804,One Day
tt29929565,Opus
tt0486822,Disturbia
tt28912885,Poison
tt0862856,Trick ’r Treat
tt0765443,Eastern Promises
tt5649108,Thoroughbreds
tt0418763,Jarhead
tt0787475,Hot Rod
tt0118884,Contact
tt0485947,Mr. Nobody
tt0088258,This Is Spinal Tap
tt1602620,Amour
tt0810819,The Danish Girl
tt14088510,Tarot
tt10687116,Entergalactic
tt4765284,Pitch Perfect 3
tt0032976,Rebecca
tt0091474,Manhunter
tt0107818,Philadelphia
tt0106226,The Age of Innocence
tt0062873,Les Demoiselles de Rochefort
